filename,type
mezuza2.jpg,m
mezuza3.jpg,m
mezuza3_dark.jpg,m
mezuza4.jpg,m
mezuza5.jpg,m
mezuza6.jpg,m
mezuzah1.jpg,m
scan691198159d05d5c026f5cc95.jpg,v
scan691c17e49d05d5c026fdc6cf.jpg,k
scan691c845a9d05d5c026fe7a6c.jpg,v
scan691ca8fd9d05d5c026feb996.jpg,m
scan691d66739d05d5c026fef52c.jpg,v
scan6922d51810c934fb0f8f8d89.jpg,m
scan6924583c10c934fb0f906e4e.jpg,v
scan6925c4b310c934fb0f9120b1.jpg,v
scan6925f01210c934fb0f913e79.jpg,m
אתגר הקרופר 10.jpg,s
אתגר הקרופר 11.jpg,v
אתגר הקרופר 12.jpg,p
אתגר הקרופר 13.jpg,p
אתגר הקרופר 5.jpg,k
אתגר הקרופר 6.jpg,p
אתגר הקרופר 7.jpg,k
אתגר הקרופר 8.jpg,k
אתגר הקרופר 9.jpg,v
אתגר הקרופר.jpg,p
דביר לרר 1.jpg,k
אתגר הקרופר 11 (1).jpg,v
אתגר הקרופר 14.jpg,v